"id","chrom","start","stop","pos_start","pos_stop","modell","nulll","sel_coef","nsnps","nsnps_avail","xpclr","xpclr_norm","mid_pos_mb","chr_num","z_score","color_group"
"Lcu.1GRN.Chr6_436510001_436560000","Lcu.1GRN.Chr6",436510001,436560000,436524349,436551315,-25.0200320454127,-46.1857220060084,1e-05,20,20,42.3313799211913,26.4820022153678,436.5350005,6,43.1047708269081,"Even"
"Lcu.1GRN.Chr6_436500001_436550000","Lcu.1GRN.Chr6",436500001,436550000,436524349,436545633,-22.3038848451824,-41.164117262394,1e-05,19,19,37.7204648344231,23.5889111930454,436.5250005,6,38.3994269814295,"Even"
"Lcu.1GRN.Chr5_499080001_499130000","Lcu.1GRN.Chr5",499080001,499130000,499080350,499105920,-14.9266305120444,-30.7690975390455,1e-05,23,23,31.6849340540023,29.2798384583871,499.1050005,5,32.240292172518,"Odd"
"Lcu.1GRN.Chr5_499090001_499140000","Lcu.1GRN.Chr5",499090001,499140000,499094189,499105920,-13.4514778743392,-27.1663658413235,1e-05,22,22,27.4297759339686,25.3334673446638,499.1150005,5,27.8979909817858,"Odd"
"Lcu.1GRN.Chr6_433250001_433300000","Lcu.1GRN.Chr6",433250001,433300000,433250680,433296109,-94.3137394679842,-107.15407883311,1e-05,76,76,25.6806787302525,16.0346195973024,433.2750005,6,26.1130733227582,"Even"
"Lcu.1GRN.Chr6_429000001_429050000","Lcu.1GRN.Chr6",429000001,429050000,429018853,429025929,-20.1896565034158,-30.9236723661572,1e-05,13,13,21.4680317254828,13.391419494857,429.0250005,6,21.814153849279,"Even"
"Lcu.1GRN.Chr6_429010001_429060000","Lcu.1GRN.Chr6",429010001,429060000,429018853,429025929,-20.1896565034158,-30.9236723661572,1e-05,13,13,21.4680317254828,13.391419494857,429.0350005,6,21.814153849279,"Even"
"Lcu.1GRN.Chr6_434010001_434060000","Lcu.1GRN.Chr6",434010001,434060000,434047236,434050827,-12.7643469359816,-22.9992196475609,1e-05,10,10,20.4697454231585,12.7650507405831,434.0350005,6,20.7954232458578,"Even"
"Lcu.1GRN.Chr6_428000001_428050000","Lcu.1GRN.Chr6",428000001,428050000,428005839,428049259,-4.70748810423847,-14.387149428143,5e-05,14,14,19.3593226478092,12.0683226287242,428.0250005,6,19.6622596821082,"Even"
"Lcu.1GRN.Chr3_197910001_197960000","Lcu.1GRN.Chr3",197910001,197960000,197921354,197955202,-9.36720361384132,-18.6501985129052,1e-05,11,11,18.5659897981277,18.4574704208239,197.9350005,3,18.8526798543693,"Odd"
"Lcu.1GRN.Chr3_197920001_197970000","Lcu.1GRN.Chr3",197920001,197970000,197921354,197955202,-9.36720361384132,-18.6501985129052,1e-05,11,11,18.5659897981277,18.4574704208239,197.9450005,3,18.8526798543693,"Odd"
"Lcu.1GRN.Chr5_499100001_499150000","Lcu.1GRN.Chr5",499100001,499150000,499100327,499105920,-7.19689888284443,-15.7103138813867,1e-05,14,14,17.0268299970845,15.6854391903963,499.1250005,5,17.2819989893432,"Odd"
"Lcu.1GRN.Chr3_197300001_197350000","Lcu.1GRN.Chr3",197300001,197350000,197332234,197349358,-20.0733263495871,-28.2204309187527,1e-05,18,18,16.2942091383311,16.1870983786589,197.3250005,3,16.5343744974725,"Odd"
"Lcu.1GRN.Chr3_197310001_197360000","Lcu.1GRN.Chr3",197310001,197360000,197332234,197349358,-20.0733263495871,-28.2204309187527,1e-05,18,18,16.2942091383311,16.1870983786589,197.3350005,3,16.5343744974725,"Odd"
"Lcu.1GRN.Chr3_197320001_197370000","Lcu.1GRN.Chr3",197320001,197370000,197332234,197349358,-20.0733263495871,-28.2204309187527,1e-05,18,18,16.2942091383311,16.1870983786589,197.3450005,3,16.5343744974725,"Odd"
"Lcu.1GRN.Chr3_197330001_197380000","Lcu.1GRN.Chr3",197330001,197380000,197332234,197349358,-20.0733263495871,-28.2204309187527,1e-05,18,18,16.2942091383311,16.1870983786589,197.3550005,3,16.5343744974725,"Odd"
"Lcu.1GRN.Chr2_588220001_588270000","Lcu.1GRN.Chr2",588220001,588270000,588253421,588261131,-22.1131399453274,-29.7380948256079,1e-05,29,29,15.2499097605611,13.3659326990758,588.2450005,2,15.4686884985851,"Even"
"Lcu.1GRN.Chr2_202290001_202340000","Lcu.1GRN.Chr2",202290001,202340000,202321269,202333891,-17.8584432348658,-25.3221832059668,1e-05,17,17,14.9274799422021,13.080207365138,202.3150005,2,15.1396555121032,"Even"
"Lcu.1GRN.Chr2_202300001_202350000","Lcu.1GRN.Chr2",202300001,202350000,202321269,202333891,-17.8584432348658,-25.3221832059668,1e-05,17,17,14.9274799422021,13.080207365138,202.3250005,2,15.1396555121032,"Even"
"Lcu.1GRN.Chr2_202310001_202360000","Lcu.1GRN.Chr2",202310001,202360000,202321269,202333891,-17.8584432348658,-25.3221832059668,1e-05,17,17,14.9274799422021,13.080207365138,202.3350005,2,15.1396555121032,"Even"
"Lcu.1GRN.Chr2_202320001_202370000","Lcu.1GRN.Chr2",202320001,202370000,202321269,202333891,-17.8584432348658,-25.3221832059668,1e-05,17,17,14.9274799422021,13.080207365138,202.3450005,2,15.1396555121032,"Even"
"Lcu.1GRN.Chr3_197810001_197860000","Lcu.1GRN.Chr3",197810001,197860000,197810410,197859707,-9.43929535755907,-16.773824072187,1e-05,11,11,14.6690574292559,14.5629543449249,197.8350005,3,14.8759406620262,"Odd"
"Lcu.1GRN.Chr2_202280001_202330000","Lcu.1GRN.Chr2",202280001,202330000,202321269,202329373,-13.8783693550515,-21.1059234619432,1e-05,15,15,14.4551082137835,12.6616090775103,202.3050005,2,14.6576098957197,"Even"
"Lcu.1GRN.Chr2_588230001_588280000","Lcu.1GRN.Chr2",588230001,588280000,588253421,588273729,-33.9639198567904,-40.6141023622577,1e-05,31,31,13.3003650109347,11.6383185241565,588.2550005,2,13.4792182488588,"Even"
"Lcu.1GRN.Chr2_588240001_588290000","Lcu.1GRN.Chr2",588240001,588290000,588253421,588273729,-33.9639198567904,-40.6141023622577,1e-05,31,31,13.3003650109347,11.6383185241565,588.2650005,2,13.4792182488588,"Even"
"Lcu.1GRN.Chr2_588250001_588300000","Lcu.1GRN.Chr2",588250001,588300000,588253421,588293727,-33.9978413369482,-40.5884869265853,1e-05,33,33,13.1812911792741,11.5327997154817,588.2750005,2,13.3577058569761,"Even"
"Lcu.1GRN.Chr2_469570001_469620000","Lcu.1GRN.Chr2",469570001,469620000,469608642,469615367,-20.3695478197828,-26.3897323900201,1e-05,11,11,12.0403691404745,10.5217569645596,469.5950005,2,12.1934184232642,"Even"
"Lcu.1GRN.Chr2_469580001_469630000","Lcu.1GRN.Chr2",469580001,469630000,469608642,469615367,-20.3695478197828,-26.3897323900201,1e-05,11,11,12.0403691404745,10.5217569645596,469.6050005,2,12.1934184232642,"Even"
"Lcu.1GRN.Chr2_469590001_469640000","Lcu.1GRN.Chr2",469590001,469640000,469608642,469615367,-20.3695478197828,-26.3897323900201,1e-05,11,11,12.0403691404745,10.5217569645596,469.6150005,2,12.1934184232642,"Even"
"Lcu.1GRN.Chr2_469600001_469650000","Lcu.1GRN.Chr2",469600001,469650000,469608642,469615367,-20.3695478197828,-26.3897323900201,1e-05,11,11,12.0403691404745,10.5217569645596,469.6250005,2,12.1934184232642,"Even"
"Lcu.1GRN.Chr6_438910001_438960000","Lcu.1GRN.Chr6",438910001,438960000,438915103,438951438,-19.6240686167994,-25.4672657865565,1e-05,25,25,11.6863943395142,7.25398977159712,438.9350005,6,11.8321944319718,"Even"
"Lcu.1GRN.Chr5_364280001_364330000","Lcu.1GRN.Chr5",364280001,364330000,364287704,364322051,-6.30997103852528,-11.9222449203297,1e-05,13,13,11.2245477636088,10.3042151902698,364.3050005,5,11.360889516874,"Odd"
"Lcu.1GRN.Chr2_593240001_593290000","Lcu.1GRN.Chr2",593240001,593290000,593268869,593288498,-13.2281619956355,-18.8331755939937,1e-05,15,15,11.2100271967164,9.78593876272483,593.2650005,2,11.3460715775336,"Even"
"Lcu.1GRN.Chr2_588210001_588260000","Lcu.1GRN.Chr2",588210001,588260000,588253421,588258535,-19.7157743324991,-25.1993128508104,1e-05,24,24,10.9670770366227,9.57064535104128,588.2350005,2,11.0981459447594,"Even"
"Lcu.1GRN.Chr2_203590001_203640000","Lcu.1GRN.Chr2",203590001,203640000,203591021,203623765,-11.404110930234,-16.8446713806377,1e-05,10,10,10.8811209008075,9.49447421483931,203.6150005,2,11.0104294791494,"Even"
"Lcu.1GRN.Chr6_427970001_428020000","Lcu.1GRN.Chr6",427970001,428020000,427994121,428018283,-4.32880374650374,-9.75960476127391,5e-05,15,15,10.8616020295404,6.73647878248488,427.9950005,6,10.9905108731765,"Even"
"Lcu.1GRN.Chr6_427980001_428030000","Lcu.1GRN.Chr6",427980001,428030000,427994121,428018283,-4.32880374650374,-9.75960476127391,5e-05,15,15,10.8616020295404,6.73647878248488,428.0050005,6,10.9905108731765,"Even"
"Lcu.1GRN.Chr6_427990001_428040000","Lcu.1GRN.Chr6",427990001,428040000,427994121,428018283,-4.32880374650374,-9.75960476127391,5e-05,15,15,10.8616020295404,6.73647878248488,428.0150005,6,10.9905108731765,"Even"
"Lcu.1GRN.Chr2_590640001_590690000","Lcu.1GRN.Chr2",590640001,590690000,590660276,590689664,-22.6186395101609,-27.9574340903824,1e-05,13,13,10.6775891604429,9.31411194320271,590.6650005,2,10.802729531555,"Even"
"Lcu.1GRN.Chr2_590650001_590700000","Lcu.1GRN.Chr2",590650001,590700000,590660276,590689664,-22.6186395101609,-27.9574340903824,1e-05,13,13,10.6775891604429,9.31411194320271,590.6750005,2,10.802729531555,"Even"
"Lcu.1GRN.Chr2_590660001_590710000","Lcu.1GRN.Chr2",590660001,590710000,590660276,590689664,-22.6186395101609,-27.9574340903824,1e-05,13,13,10.6775891604429,9.31411194320271,590.6850005,2,10.802729531555,"Even"
"Lcu.1GRN.Chr5_364270001_364320000","Lcu.1GRN.Chr5",364270001,364320000,364272836,364318045,-6.76587974553922,-12.0420991670499,1e-05,14,14,10.5524388430213,9.68087966320814,364.2950005,5,10.6750162111494,"Odd"
"Lcu.1GRN.Chr3_197340001_197390000","Lcu.1GRN.Chr3",197340001,197390000,197342340,197349358,-10.5465209440502,-15.6076538286941,1e-05,10,10,10.1222657692877,10.0189819231924,197.3650005,3,10.2360334524359,"Odd"
"Lcu.1GRN.Chr5_89250001_89300000","Lcu.1GRN.Chr5",89250001,89300000,89257036,89298688,-7.60820710663682,-12.643683007157,1e-05,14,14,10.0709518010403,9.23433302486821,89.2750005,5,10.1836686050821,"Odd"
"Lcu.1GRN.Chr1_591650001_591700000","Lcu.1GRN.Chr1",591650001,591700000,591669861,591699927,-18.7157881797533,-23.5171803132325,1e-05,10,10,9.60278426695844,46.0320873304231,591.6750005,1,9.70591328239865,"Odd"
"Lcu.1GRN.Chr6_438900001_438950000","Lcu.1GRN.Chr6",438900001,438950000,438915103,438940261,-16.2928765085051,-21.0699749329842,1e-05,20,20,9.55419684895821,5.91615524164711,438.9250005,6,9.65633082339584,"Even"
"Lcu.1GRN.Chr5_356890001_356940000","Lcu.1GRN.Chr5",356890001,356940000,356897701,356936973,-16.4552766097816,-21.1363318848262,1e-05,16,16,9.36211055008921,8.57693074790023,356.9150005,5,9.46031071303257,"Odd"
"Lcu.1GRN.Chr2_469150001_469200000","Lcu.1GRN.Chr2",469150001,469200000,469150491,469162877,-6.91209257704438,-11.5291024446236,1e-05,12,12,9.23401973515847,8.03487431499259,469.1750005,2,9.32959667550317,"Even"
"Lcu.1GRN.Chr2_469120001_469170000","Lcu.1GRN.Chr2",469120001,469170000,469145148,469162877,-6.94336578132893,-11.5328753261619,1e-05,19,19,9.17901908966602,7.98613478500711,469.1450005,2,9.27346964997891,"Even"
"Lcu.1GRN.Chr2_469130001_469180000","Lcu.1GRN.Chr2",469130001,469180000,469145148,469162877,-6.94336578132893,-11.5328753261619,1e-05,19,19,9.17901908966602,7.98613478500711,469.1550005,2,9.27346964997891,"Even"
"Lcu.1GRN.Chr2_469140001_469190000","Lcu.1GRN.Chr2",469140001,469190000,469145148,469162877,-6.94336578132893,-11.5328753261619,1e-05,19,19,9.17901908966602,7.98613478500711,469.1650005,2,9.27346964997891,"Even"
"Lcu.1GRN.Chr6_438890001_438940000","Lcu.1GRN.Chr6",438890001,438940000,438915103,438939923,-16.5264306469633,-21.0721790881529,1e-05,17,17,9.0914968823791,5.62583692214903,438.9150005,6,9.18415504069842,"Even"
"Lcu.1GRN.Chr7_541030001_541080000","Lcu.1GRN.Chr7",541030001,541080000,541030570,541074787,-19.9188083561983,-24.3654427626237,1e-05,17,17,8.89326881285066,13.8412066198918,541.0550005,7,8.9818673799186,"Odd"
"Lcu.1GRN.Chr5_364250001_364300000","Lcu.1GRN.Chr5",364250001,364300000,364250619,364288374,-4.90218439265466,-9.21682629342698,1e-05,11,11,8.62928380154464,7.89728354555439,364.2750005,5,8.7124761148719,"Odd"
"Lcu.1GRN.Chr5_359240001_359290000","Lcu.1GRN.Chr5",359240001,359290000,359242464,359288804,-7.65445700392793,-11.9434895695872,1e-05,15,15,8.57806513131854,7.84978169604333,359.2650005,5,8.66020851718537,"Odd"
"Lcu.1GRN.Chr6_433240001_433290000","Lcu.1GRN.Chr6",433240001,433290000,433249477,433289514,-88.1863499687887,-92.4143509513455,1e-05,58,58,8.45600196511356,5.22709944698961,433.2650005,6,8.53564557099049,"Even"
"Lcu.1GRN.Chr3_205240001_205290000","Lcu.1GRN.Chr3",205240001,205290000,205274913,205280842,-8.53442163619511,-12.696589464402,1e-05,12,12,8.32433565641376,8.22216661691149,205.2650005,3,8.40128281573713,"Odd"
"Lcu.1GRN.Chr3_205250001_205300000","Lcu.1GRN.Chr3",205250001,205300000,205274913,205280842,-8.53442163619511,-12.696589464402,1e-05,12,12,8.32433565641376,8.22216661691149,205.2750005,3,8.40128281573713,"Odd"
"Lcu.1GRN.Chr3_205260001_205310000","Lcu.1GRN.Chr3",205260001,205310000,205274913,205280842,-8.53442163619511,-12.696589464402,1e-05,12,12,8.32433565641376,8.22216661691149,205.2850005,3,8.40128281573713,"Odd"
"Lcu.1GRN.Chr3_205270001_205320000","Lcu.1GRN.Chr3",205270001,205320000,205274913,205280842,-8.53442163619511,-12.696589464402,1e-05,12,12,8.32433565641376,8.22216661691149,205.2950005,3,8.40128281573713,"Odd"
"Lcu.1GRN.Chr7_541390001_541440000","Lcu.1GRN.Chr7",541390001,541440000,541390527,541431944,-10.8358379240193,-14.8825892863798,1e-05,16,16,8.09350272472095,12.5860991380699,541.4150005,7,8.16572256488987,"Odd"
"Lcu.1GRN.Chr5_88080001_88130000","Lcu.1GRN.Chr5",88080001,88130000,88101549,88129653,-17.1550549017037,-21.1604121174297,1e-05,23,23,8.01071443145188,7.32360232734651,88.1050005,5,8.08123881732983,"Odd"
"Lcu.1GRN.Chr5_88090001_88140000","Lcu.1GRN.Chr5",88090001,88140000,88101549,88129653,-17.1550549017037,-21.1604121174297,1e-05,23,23,8.01071443145188,7.32360232734651,88.1150005,5,8.08123881732983,"Odd"
"Lcu.1GRN.Chr5_88100001_88150000","Lcu.1GRN.Chr5",88100001,88150000,88101549,88129653,-17.1550549017037,-21.1604121174297,1e-05,23,23,8.01071443145188,7.32360232734651,88.1250005,5,8.08123881732983,"Odd"
"Lcu.1GRN.Chr2_352790001_352840000","Lcu.1GRN.Chr2",352790001,352840000,352835565,352839001,-8.32506759403783,-12.2131150235534,1e-05,10,10,7.77609485903121,6.7429154192311,352.8150005,2,7.84181437763751,"Even"
"Lcu.1GRN.Chr2_210530001_210580000","Lcu.1GRN.Chr2",210530001,210580000,210572348,210573919,-4.25271405622757,-8.1292219313905,1e-05,10,10,7.75301575032586,6.72246356997168,210.5550005,2,7.81826262271201,"Even"
"Lcu.1GRN.Chr2_210540001_210590000","Lcu.1GRN.Chr2",210540001,210590000,210572348,210573919,-4.25271405622757,-8.1292219313905,1e-05,10,10,7.75301575032586,6.72246356997168,210.5650005,2,7.81826262271201,"Even"
"Lcu.1GRN.Chr2_210550001_210600000","Lcu.1GRN.Chr2",210550001,210600000,210572348,210573919,-4.25271405622757,-8.1292219313905,1e-05,10,10,7.75301575032586,6.72246356997168,210.5750005,2,7.81826262271201,"Even"
"Lcu.1GRN.Chr2_210560001_210610000","Lcu.1GRN.Chr2",210560001,210610000,210572348,210573919,-4.25271405622757,-8.1292219313905,1e-05,10,10,7.75301575032586,6.72246356997168,210.5850005,2,7.81826262271201,"Even"
"Lcu.1GRN.Chr2_210570001_210620000","Lcu.1GRN.Chr2",210570001,210620000,210572348,210573919,-4.25271405622757,-8.1292219313905,1e-05,10,10,7.75301575032586,6.72246356997168,210.5950005,2,7.81826262271201,"Even"
"Lcu.1GRN.Chr6_438920001_438970000","Lcu.1GRN.Chr6",438920001,438970000,438937121,438951438,-17.19618482409,-21.0507946592945,1e-05,17,17,7.70921967040896,4.75853537417917,438.9450005,6,7.77356962550534,"Even"
"Lcu.1GRN.Chr6_438930001_438980000","Lcu.1GRN.Chr6",438930001,438980000,438937121,438951438,-17.19618482409,-21.0507946592945,1e-05,17,17,7.70921967040896,4.75853537417917,438.9550005,6,7.77356962550534,"Even"
"Lcu.1GRN.Chr2_352800001_352850000","Lcu.1GRN.Chr2",352800001,352850000,352835565,352845298,-8.39091920188356,-12.2050892367363,1e-05,24,24,7.62834006970551,6.61198061073275,352.8250005,2,7.69103365938295,"Even"
"Lcu.1GRN.Chr2_352810001_352860000","Lcu.1GRN.Chr2",352810001,352860000,352835565,352845298,-8.39091920188356,-12.2050892367363,1e-05,24,24,7.62834006970551,6.61198061073275,352.8350005,2,7.69103365938295,"Even"
"Lcu.1GRN.Chr2_352820001_352870000","Lcu.1GRN.Chr2",352820001,352870000,352835565,352845298,-8.39091920188356,-12.2050892367363,1e-05,24,24,7.62834006970551,6.61198061073275,352.8450005,2,7.69103365938295,"Even"
"Lcu.1GRN.Chr2_352830001_352880000","Lcu.1GRN.Chr2",352830001,352880000,352835565,352845298,-8.39091920188356,-12.2050892367363,1e-05,24,24,7.62834006970551,6.61198061073275,352.8550005,2,7.69103365938295,"Even"
"Lcu.1GRN.Chr2_592410001_592460000","Lcu.1GRN.Chr2",592410001,592460000,592413335,592457170,-12.7708587799995,-16.5210131398363,1e-05,11,11,7.50030871967369,6.49852398184982,592.4350005,2,7.56038030455771,"Even"
"Lcu.1GRN.Chr2_592420001_592470000","Lcu.1GRN.Chr2",592420001,592470000,592451754,592457170,-12.7874173958116,-16.534000543668,1e-05,10,10,7.49316629571278,6.49219463091776,592.4450005,2,7.55309160806389,"Even"
"Lcu.1GRN.Chr2_592430001_592480000","Lcu.1GRN.Chr2",592430001,592480000,592451754,592457170,-12.7874173958116,-16.534000543668,1e-05,10,10,7.49316629571278,6.49219463091776,592.4550005,2,7.55309160806389,"Even"
"Lcu.1GRN.Chr2_592440001_592490000","Lcu.1GRN.Chr2",592440001,592490000,592451754,592457170,-12.7874173958116,-16.534000543668,1e-05,10,10,7.49316629571278,6.49219463091776,592.4650005,2,7.55309160806389,"Even"
"Lcu.1GRN.Chr5_501010001_501060000","Lcu.1GRN.Chr5",501010001,501060000,501010620,501027309,-14.1787713500144,-17.8381220424161,1e-05,13,13,7.31870138480331,6.68180707072465,501.0350005,5,7.37505376105265,"Odd"
"Lcu.1GRN.Chr2_587420001_587470000","Lcu.1GRN.Chr2",587420001,587470000,587439041,587463647,-6.48619976324192,-10.1425595802228,1e-05,10,10,7.31271963396179,6.3322894988516,587.4450005,2,7.36894950756334,"Even"
"Lcu.1GRN.Chr7_541020001_541070000","Lcu.1GRN.Chr7",541020001,541070000,541028788,541063821,-16.0439179703267,-19.6819273672039,1e-05,12,12,7.27601879375447,11.3031862798556,541.0450005,7,7.33149705629418,"Odd"
"Lcu.1GRN.Chr5_364260001_364310000","Lcu.1GRN.Chr5",364260001,364310000,364272836,364288374,-4.43373450087811,-8.06178909381648,1e-05,10,10,7.25610918587674,6.62375704324735,364.2850005,5,7.31117971166075,"Odd"
"Lcu.1GRN.Chr3_123730001_123780000","Lcu.1GRN.Chr3",123730001,123780000,123767405,123777879,-23.2894616314068,-26.9081277723995,1e-05,28,28,7.23733228198535,7.13583723894141,123.7550005,3,7.29201826810782,"Odd"
"Lcu.1GRN.Chr3_123740001_123790000","Lcu.1GRN.Chr3",123740001,123790000,123767405,123777879,-23.2894616314068,-26.9081277723995,1e-05,28,28,7.23733228198535,7.13583723894141,123.7650005,3,7.29201826810782,"Odd"
"Lcu.1GRN.Chr3_123750001_123800000","Lcu.1GRN.Chr3",123750001,123800000,123767405,123777879,-23.2894616314068,-26.9081277723995,1e-05,28,28,7.23733228198535,7.13583723894141,123.7750005,3,7.29201826810782,"Odd"
"Lcu.1GRN.Chr3_123760001_123810000","Lcu.1GRN.Chr3",123760001,123810000,123767405,123777879,-23.2894616314068,-26.9081277723995,1e-05,28,28,7.23733228198535,7.13583723894141,123.7850005,3,7.29201826810782,"Odd"
"Lcu.1GRN.Chr2_560890001_560940000","Lcu.1GRN.Chr2",560890001,560940000,560909467,560938908,-8.07932235483895,-11.6914388450952,1e-05,10,10,7.2242329805126,6.2538759118748,560.9150005,2,7.27865070084513,"Even"
"Lcu.1GRN.Chr2_560900001_560950000","Lcu.1GRN.Chr2",560900001,560950000,560909467,560938908,-8.07932235483895,-11.6914388450952,1e-05,10,10,7.2242329805126,6.2538759118748,560.9250005,2,7.27865070084513,"Even"
"Lcu.1GRN.Chr2_352540001_352590000","Lcu.1GRN.Chr2",352540001,352590000,352560365,352569845,-10.1315789345475,-13.7287996763953,1e-05,12,12,7.19444148369561,6.22747579348667,352.5650005,2,7.24824909214978,"Even"
"Lcu.1GRN.Chr2_352550001_352600000","Lcu.1GRN.Chr2",352550001,352600000,352560365,352569845,-10.1315789345475,-13.7287996763953,1e-05,12,12,7.19444148369561,6.22747579348667,352.5750005,2,7.24824909214978,"Even"
"Lcu.1GRN.Chr2_352560001_352610000","Lcu.1GRN.Chr2",352560001,352610000,352560365,352569845,-10.1315789345475,-13.7287996763953,1e-05,12,12,7.19444148369561,6.22747579348667,352.5850005,2,7.24824909214978,"Even"
"Lcu.1GRN.Chr2_587430001_587480000","Lcu.1GRN.Chr2",587430001,587480000,587439041,587474538,-6.64383431694179,-10.1517501677534,1e-05,14,14,7.01583170162328,6.06919843599255,587.4550005,2,7.06598148951532,"Even"
"Lcu.1GRN.Chr2_587440001_587490000","Lcu.1GRN.Chr2",587440001,587490000,587444166,587474538,-6.69893501103966,-10.1481856573283,1e-05,10,10,6.89850129257725,5.96522458370942,587.4650005,2,6.94624822449023,"Even"
"Lcu.1GRN.Chr7_541040001_541090000","Lcu.1GRN.Chr7",541040001,541090000,541060978,541074787,-15.8594989173372,-19.2169325549475,1e-05,10,10,6.71486727522053,10.4225469531811,541.0650005,7,6.75885349326442,"Odd"
"Lcu.1GRN.Chr7_541050001_541100000","Lcu.1GRN.Chr7",541050001,541100000,541060978,541074787,-15.8594989173372,-19.2169325549475,1e-05,10,10,6.71486727522053,10.4225469531811,541.0750005,7,6.75885349326442,"Odd"
"Lcu.1GRN.Chr7_541060001_541110000","Lcu.1GRN.Chr7",541060001,541110000,541060978,541074787,-15.8594989173372,-19.2169325549475,1e-05,10,10,6.71486727522053,10.4225469531811,541.0850005,7,6.75885349326442,"Odd"
"Lcu.1GRN.Chr5_463430001_463480000","Lcu.1GRN.Chr5",463430001,463480000,463472861,463479652,-14.8898603708215,-18.2417295636387,1e-05,13,13,6.70373838563449,6.11147051742419,463.4550005,5,6.74749669073493,"Odd"
"Lcu.1GRN.Chr3_197490001_197540000","Lcu.1GRN.Chr3",197490001,197540000,197522013,197536704,-5.89898574743226,-9.1747097703239,1e-05,11,11,6.55144804578328,6.4503782852701,197.5150005,3,6.59208753661689,"Odd"
"Lcu.1GRN.Chr3_197500001_197550000","Lcu.1GRN.Chr3",197500001,197550000,197522013,197536704,-5.89898574743226,-9.1747097703239,1e-05,11,11,6.55144804578328,6.4503782852701,197.5250005,3,6.59208753661689,"Odd"
"Lcu.1GRN.Chr3_197510001_197560000","Lcu.1GRN.Chr3",197510001,197560000,197522013,197536704,-5.89898574743226,-9.1747097703239,1e-05,11,11,6.55144804578328,6.4503782852701,197.5350005,3,6.59208753661689,"Odd"
"Lcu.1GRN.Chr3_197520001_197570000","Lcu.1GRN.Chr3",197520001,197570000,197522013,197536704,-5.89898574743226,-9.1747097703239,1e-05,11,11,6.55144804578328,6.4503782852701,197.5450005,3,6.59208753661689,"Odd"
"Lcu.1GRN.Chr2_469110001_469160000","Lcu.1GRN.Chr2",469110001,469160000,469145148,469159511,-5.72998205965804,-8.99248071042448,1e-05,14,14,6.52499730153289,5.63423921420671,469.1350005,2,6.56509509708487,"Even"
"Lcu.1GRN.Chr6_318350001_318400000","Lcu.1GRN.Chr6",318350001,318400000,318354799,318399436,-21.315644185385,-24.5234756240331,1e-05,45,45,6.41566287729626,3.9469009210187,318.3750005,6,6.45352156981323,"Even"
"Lcu.1GRN.Chr7_541360001_541410000","Lcu.1GRN.Chr7",541360001,541410000,541382146,541402619,-7.13843236603471,-10.3060649811027,1e-05,18,18,6.33526523013595,9.82682106035813,541.3850005,7,6.37147742735172,"Odd"
"Lcu.1GRN.Chr7_541370001_541420000","Lcu.1GRN.Chr7",541370001,541420000,541382146,541402619,-7.13843236603471,-10.3060649811027,1e-05,18,18,6.33526523013595,9.82682106035813,541.3950005,7,6.37147742735172,"Odd"
"Lcu.1GRN.Chr7_541380001_541430000","Lcu.1GRN.Chr7",541380001,541430000,541382146,541402619,-7.13843236603471,-10.3060649811027,1e-05,18,18,6.33526523013595,9.82682106035813,541.4050005,7,6.37147742735172,"Odd"
"Lcu.1GRN.Chr7_541350001_541400000","Lcu.1GRN.Chr7",541350001,541400000,541382146,541399757,-7.15413040420922,-10.3128108893455,1e-05,16,16,6.31736097027247,9.7987231316704,541.3750005,7,6.35320649904983,"Odd"
"Lcu.1GRN.Chr6_239720001_239770000","Lcu.1GRN.Chr6",239720001,239770000,239721147,239759826,-14.6765943692232,-17.7991966959011,1e-05,13,13,6.24520465335585,3.83994793054221,239.7450005,6,6.2795724643025,"Even"
"Lcu.1GRN.Chr2_590760001_590810000","Lcu.1GRN.Chr2",590760001,590810000,590764466,590806463,-23.288929058868,-26.3838893108432,1e-05,12,12,6.18992050395038,5.33730659683486,590.7850005,2,6.22315612887615,"Even"
"Lcu.1GRN.Chr7_543290001_543340000","Lcu.1GRN.Chr7",543290001,543340000,543290997,543333806,-13.3217555738628,-16.4136020429741,1e-05,20,20,6.18369293822262,9.58895211287349,543.3150005,7,6.21680102636006,"Odd"
"Lcu.1GRN.Chr2_201510001_201560000","Lcu.1GRN.Chr2",201510001,201560000,201520656,201551355,-9.75414571062818,-12.8069461904847,1e-05,12,12,6.10560095971311,5.26258574732629,201.5350005,2,6.13710977125206,"Even"
"Lcu.1GRN.Chr7_540980001_541030000","Lcu.1GRN.Chr7",540980001,541030000,540980900,541029346,-8.61518379370073,-11.6501324065037,1e-05,25,25,6.06989722560591,9.41036758369134,541.0050005,7,6.10067484621429,"Odd"
"Lcu.1GRN.Chr5_356860001_356910000","Lcu.1GRN.Chr5",356860001,356910000,356897701,356904462,-14.0530099442521,-17.0823680780084,1e-05,14,14,6.05871626751258,5.51325616607389,356.8850005,5,6.0892649088459,"Odd"
"Lcu.1GRN.Chr5_356870001_356920000","Lcu.1GRN.Chr5",356870001,356920000,356897701,356904462,-14.0530099442521,-17.0823680780084,1e-05,14,14,6.05871626751258,5.51325616607389,356.8950005,5,6.0892649088459,"Odd"
"Lcu.1GRN.Chr5_356880001_356930000","Lcu.1GRN.Chr5",356880001,356930000,356897701,356904462,-14.0530099442521,-17.0823680780084,1e-05,14,14,6.05871626751258,5.51325616607389,356.9050005,5,6.0892649088459,"Odd"
"Lcu.1GRN.Chr3_117220001_117270000","Lcu.1GRN.Chr3",117220001,117270000,117266631,117268731,-8.86586985321751,-11.8593569419519,1e-05,12,12,5.98697417746872,5.88625441898591,117.2450005,3,6.01605358408774,"Odd"
"Lcu.1GRN.Chr6_239710001_239760000","Lcu.1GRN.Chr6",239710001,239760000,239715509,239759826,-15.3949470636581,-18.3405224846649,1e-05,15,15,5.89115084201352,3.61779898966213,239.7350005,6,5.91826784454306,"Even"
"Lcu.1GRN.Chr2_587560001_587610000","Lcu.1GRN.Chr2",587560001,587610000,587586540,587608364,-7.13772479390242,-10.054450841165,1e-05,25,25,5.83345209452511,5.02141752727026,587.5850005,2,5.85938746152203,"Even"
"Lcu.1GRN.Chr2_587570001_587620000","Lcu.1GRN.Chr2",587570001,587620000,587586540,587608364,-7.13772479390242,-10.054450841165,1e-05,25,25,5.83345209452511,5.02141752727026,587.5950005,2,5.85938746152203,"Even"
"Lcu.1GRN.Chr2_587580001_587630000","Lcu.1GRN.Chr2",587580001,587630000,587586540,587608364,-7.13772479390242,-10.054450841165,1e-05,25,25,5.83345209452511,5.02141752727026,587.6050005,2,5.85938746152203,"Even"
"Lcu.1GRN.Chr7_537070001_537120000","Lcu.1GRN.Chr7",537070001,537120000,537077291,537116447,-21.0020271534947,-23.8560399770575,1e-05,12,12,5.70802564712572,8.84246687828463,537.0950005,7,5.73139235616331,"Odd"
"Lcu.1GRN.Chr7_544020001_544070000","Lcu.1GRN.Chr7",544020001,544070000,544032132,544037472,-8.22041145121411,-11.0736465885919,1e-05,20,20,5.70647027475554,8.84002596521292,544.0450005,7,5.72980513070552,"Odd"
"Lcu.1GRN.Chr7_544030001_544080000","Lcu.1GRN.Chr7",544030001,544080000,544032132,544037472,-8.22041145121411,-11.0736465885919,1e-05,20,20,5.70647027475554,8.84002596521292,544.0550005,7,5.72980513070552,"Odd"
"Lcu.1GRN.Chr7_543280001_543330000","Lcu.1GRN.Chr7",543280001,543330000,543290997,543329851,-13.2198539319961,-16.0655329213142,1e-05,13,13,5.69135797863621,8.81630958587601,543.3050005,7,5.71438334388056,"Odd"
"Lcu.1GRN.Chr5_499510001_499560000","Lcu.1GRN.Chr5",499510001,499560000,499523957,499559505,-36.0444595762446,-38.8739951385152,1e-05,19,19,5.65907112454117,5.14261234897651,499.5350005,5,5.68143527449582,"Odd"
"Lcu.1GRN.Chr3_205230001_205280000","Lcu.1GRN.Chr3",205230001,205280000,205274913,205279487,-5.81057372254489,-8.62298630092803,1e-05,11,11,5.62482515676627,5.52432994878909,205.2550005,3,5.64648796996521,"Odd"
"Lcu.1GRN.Chr7_540990001_541040000","Lcu.1GRN.Chr7",540990001,541040000,540991264,541032390,-8.68563530934837,-11.4815815231215,1e-05,31,31,5.59189242754636,8.66021399841697,541.0150005,7,5.61288079832277,"Odd"
"Lcu.1GRN.Chr6_239700001_239750000","Lcu.1GRN.Chr6",239700001,239750000,239715509,239747317,-15.3838352829167,-18.1488433758119,1e-05,14,14,5.53001618579047,3.3912072151212,239.7250005,6,5.54973736847239,"Even"
"Lcu.1GRN.Chr7_541000001_541050000","Lcu.1GRN.Chr7",541000001,541050000,541009437,541032390,-8.78896600906151,-11.5455660593209,1e-05,30,30,5.51320010051871,8.53671872913724,541.0250005,7,5.53257689992124,"Odd"
"Lcu.1GRN.Chr7_541010001_541060000","Lcu.1GRN.Chr7",541010001,541060000,541010008,541032390,-8.65659314181214,-11.3882454057591,1e-05,25,25,5.46330452789393,8.45841545091547,541.0350005,7,5.48165949607653,"Odd"
"Lcu.1GRN.Chr2_587590001_587640000","Lcu.1GRN.Chr2",587590001,587640000,587591241,587608364,-6.75903659833562,-9.47861966899374,1e-05,17,17,5.43916614131624,4.67201595448474,587.6150005,2,5.45702676990704,"Even"
"Lcu.1GRN.Chr6_238910001_238960000","Lcu.1GRN.Chr6",238910001,238960000,238923557,238958393,-10.7405849161492,-13.4590344646344,1e-05,17,17,5.43689909697051,3.332781456108,238.9350005,6,5.45471329786106,"Even"
"Lcu.1GRN.Chr6_238920001_238970000","Lcu.1GRN.Chr6",238920001,238970000,238923557,238958393,-10.7405849161492,-13.4590344646344,1e-05,17,17,5.43689909697051,3.332781456108,238.9450005,6,5.45471329786106,"Even"
"Lcu.1GRN.Chr3_117230001_117280000","Lcu.1GRN.Chr3",117230001,117280000,117266631,117271887,-9.12618915122444,-11.8433128466255,1e-05,13,13,5.43424739080213,5.33387035057154,117.2550005,3,5.45200728635042,"Odd"
"Lcu.1GRN.Chr3_117240001_117290000","Lcu.1GRN.Chr3",117240001,117290000,117266631,117271887,-9.12618915122444,-11.8433128466255,1e-05,13,13,5.43424739080213,5.33387035057154,117.2650005,3,5.45200728635042,"Odd"
"Lcu.1GRN.Chr3_117250001_117300000","Lcu.1GRN.Chr3",117250001,117300000,117266631,117271887,-9.12618915122444,-11.8433128466255,1e-05,13,13,5.43424739080213,5.33387035057154,117.2750005,3,5.45200728635042,"Odd"
"Lcu.1GRN.Chr3_117260001_117310000","Lcu.1GRN.Chr3",117260001,117310000,117266631,117271887,-9.12618915122444,-11.8433128466255,1e-05,13,13,5.43424739080213,5.33387035057154,117.2850005,3,5.45200728635042,"Odd"
"Lcu.1GRN.Chr6_238900001_238950000","Lcu.1GRN.Chr6",238900001,238950000,238923557,238941395,-10.7283418447336,-13.4454165646797,1e-05,15,15,5.4341494398921,3.33105620026219,238.9250005,6,5.45190732946486,"Even"
"Lcu.1GRN.Chr5_52580001_52630000","Lcu.1GRN.Chr5",52580001,52630000,52590450,52629294,-8.85887023584088,-11.5290536103467,1e-05,13,13,5.34036674901162,4.84703561459253,52.6050005,5,5.35620402566444,"Odd"
"Lcu.1GRN.Chr5_52590001_52640000","Lcu.1GRN.Chr5",52590001,52640000,52590450,52629294,-8.85887023584088,-11.5290536103467,1e-05,13,13,5.34036674901162,4.84703561459253,52.6150005,5,5.35620402566444,"Odd"
"Lcu.1GRN.Chr2_589340001_589390000","Lcu.1GRN.Chr2",589340001,589390000,589378472,589382406,-13.6116595759915,-16.2500582621192,1e-05,18,18,5.27679737225541,4.52813077972922,589.3650005,2,5.29133278643058,"Even"
"Lcu.1GRN.Chr2_589350001_589400000","Lcu.1GRN.Chr2",589350001,589400000,589378472,589382406,-13.6116595759915,-16.2500582621192,1e-05,18,18,5.27679737225541,4.52813077972922,589.3750005,2,5.29133278643058,"Even"
"Lcu.1GRN.Chr2_589360001_589410000","Lcu.1GRN.Chr2",589360001,589410000,589378472,589382406,-13.6116595759915,-16.2500582621192,1e-05,18,18,5.27679737225541,4.52813077972922,589.3850005,2,5.29133278643058,"Even"
"Lcu.1GRN.Chr2_589370001_589420000","Lcu.1GRN.Chr2",589370001,589420000,589378472,589382406,-13.6116595759915,-16.2500582621192,1e-05,18,18,5.27679737225541,4.52813077972922,589.3950005,2,5.29133278643058,"Even"
"Lcu.1GRN.Chr2_587780001_587830000","Lcu.1GRN.Chr2",587780001,587830000,587800317,587822310,-18.9304899018248,-21.5377203400108,1e-05,18,18,5.21446087637214,4.47289049149097,587.8050005,2,5.22771967672602,"Even"
"Lcu.1GRN.Chr2_587790001_587840000","Lcu.1GRN.Chr2",587790001,587840000,587800317,587822310,-18.9304899018248,-21.5377203400108,1e-05,18,18,5.21446087637214,4.47289049149097,587.8150005,2,5.22771967672602,"Even"
"Lcu.1GRN.Chr2_584340001_584390000","Lcu.1GRN.Chr2",584340001,584390000,584340238,584343797,-8.64140586141082,-11.2471305064681,1e-05,16,16,5.21144929011454,4.47022173556289,584.3650005,2,5.22464641499908,"Even"
"Lcu.1GRN.Chr7_543990001_544040000","Lcu.1GRN.Chr7",543990001,544040000,544018355,544037472,-8.82442398822309,-11.4181072096166,1e-05,22,22,5.18736644278709,8.02537389004217,544.0150005,7,5.20007036549017,"Odd"
"Lcu.1GRN.Chr7_544000001_544050000","Lcu.1GRN.Chr7",544000001,544050000,544018355,544037472,-8.82442398822309,-11.4181072096166,1e-05,22,22,5.18736644278709,8.02537389004217,544.0250005,7,5.20007036549017,"Odd"
"Lcu.1GRN.Chr7_544010001_544060000","Lcu.1GRN.Chr7",544010001,544060000,544018355,544037472,-8.82442398822309,-11.4181072096166,1e-05,22,22,5.18736644278709,8.02537389004217,544.0350005,7,5.20007036549017,"Odd"
"Lcu.1GRN.Chr2_352520001_352570000","Lcu.1GRN.Chr2",352520001,352570000,352533407,352569845,-16.2601214996501,-18.8475947033985,1e-05,19,19,5.17494640749678,4.43787423625673,352.5450005,2,5.18739597537147,"Even"
"Lcu.1GRN.Chr2_352530001_352580000","Lcu.1GRN.Chr2",352530001,352580000,352533407,352569845,-16.2601214996501,-18.8475947033985,1e-05,19,19,5.17494640749678,4.43787423625673,352.5550005,2,5.18739597537147,"Even"
"Lcu.1GRN.Chr2_589380001_589430000","Lcu.1GRN.Chr2",589380001,589430000,589380442,589382406,-13.7267448270709,-16.2955081517232,1e-05,10,10,5.13752664930469,4.40471423585813,589.4050005,2,5.14920988311102,"Even"
"Lcu.1GRN.Chr5_57230001_57280000","Lcu.1GRN.Chr5",57230001,57280000,57263349,57273140,-11.6351453061238,-14.1290333511113,1e-05,16,16,4.98777608997504,4.52003164610554,57.2550005,5,4.9963925226871,"Odd"
"Lcu.1GRN.Chr5_57240001_57290000","Lcu.1GRN.Chr5",57240001,57290000,57263349,57273140,-11.6351453061238,-14.1290333511113,1e-05,16,16,4.98777608997504,4.52003164610554,57.2650005,5,4.9963925226871,"Odd"
"Lcu.1GRN.Chr5_57250001_57300000","Lcu.1GRN.Chr5",57250001,57300000,57263349,57273140,-11.6351453061238,-14.1290333511113,1e-05,16,16,4.98777608997504,4.52003164610554,57.2750005,5,4.9963925226871,"Odd"
"Lcu.1GRN.Chr5_57260001_57310000","Lcu.1GRN.Chr5",57260001,57310000,57263349,57273140,-11.6351453061238,-14.1290333511113,1e-05,16,16,4.98777608997504,4.52003164610554,57.2850005,5,4.9963925226871,"Odd"
"Lcu.1GRN.Chr2_352880001_352930000","Lcu.1GRN.Chr2",352880001,352930000,352892953,352929543,-25.4262290302637,-27.895140189337,1e-05,14,14,4.93782231814652,4.22774367215717,352.9050005,2,4.94541572775407,"Even"
"Lcu.1GRN.Chr2_352890001_352940000","Lcu.1GRN.Chr2",352890001,352940000,352892953,352929543,-25.4262290302637,-27.895140189337,1e-05,14,14,4.93782231814652,4.22774367215717,352.9150005,2,4.94541572775407,"Even"
"Lcu.1GRN.Chr5_499500001_499550000","Lcu.1GRN.Chr5",499500001,499550000,499523957,499545494,-28.7796662584187,-31.1418196460632,1e-05,17,17,4.72430677528899,4.27568169165044,499.5250005,5,4.72752751541597,"Odd"
"Lcu.1GRN.Chr6_438530001_438580000","Lcu.1GRN.Chr6",438530001,438580000,438535292,438578188,-22.7133122642136,-25.0192509104729,1e-05,13,13,4.61187729251869,2.81512647206172,438.5550005,6,4.61279554467948,"Even"
"Lcu.1GRN.Chr2_593340001_593390000","Lcu.1GRN.Chr2",593340001,593390000,593348793,593387304,-14.6049261734085,-16.8994923853334,1e-05,39,39,4.58913242384988,3.91874763390083,593.3650005,2,4.58958487482478,"Even"
"Lcu.1GRN.Chr5_366130001_366180000","Lcu.1GRN.Chr5",366130001,366180000,366164597,366174348,-5.52518000546058,-7.7921244332848,1e-05,13,13,4.53388885564843,4.09908196106302,366.1550005,5,4.53320995168102,"Odd"
"Lcu.1GRN.Chr5_366140001_366190000","Lcu.1GRN.Chr5",366140001,366190000,366164597,366174348,-5.52518000546058,-7.7921244332848,1e-05,13,13,4.53388885564843,4.09908196106302,366.1650005,5,4.53320995168102,"Odd"
"Lcu.1GRN.Chr5_366150001_366200000","Lcu.1GRN.Chr5",366150001,366200000,366164597,366174348,-5.52518000546058,-7.7921244332848,1e-05,13,13,4.53388885564843,4.09908196106302,366.1750005,5,4.53320995168102,"Odd"
"Lcu.1GRN.Chr5_366160001_366210000","Lcu.1GRN.Chr5",366160001,366210000,366164597,366174348,-5.52518000546058,-7.7921244332848,1e-05,13,13,4.53388885564843,4.09908196106302,366.1850005,5,4.53320995168102,"Odd"
"Lcu.1GRN.Chr5_499480001_499530000","Lcu.1GRN.Chr5",499480001,499530000,499497504,499527813,-19.0970457075763,-21.3166896032602,1e-05,12,12,4.4392877913678,4.01134587773233,499.5050005,5,4.43667151468704,"Odd"
"Lcu.1GRN.Chr5_499490001_499540000","Lcu.1GRN.Chr5",499490001,499540000,499497504,499527813,-19.0970457075763,-21.3166896032602,1e-05,12,12,4.4392877913678,4.01134587773233,499.5150005,5,4.43667151468704,"Odd"
"Lcu.1GRN.Chr2_593350001_593400000","Lcu.1GRN.Chr2",593350001,593400000,593350039,593399529,-17.1729586551513,-19.3418739107272,1e-05,40,40,4.33783051115184,3.69605320914107,593.3750005,2,4.33313645059247,"Even"
"Lcu.1GRN.Chr5_88110001_88160000","Lcu.1GRN.Chr5",88110001,88160000,88125570,88129653,-12.5478495209589,-14.6996325989223,1e-05,14,14,4.30356615592684,3.88547324820775,88.1350005,5,4.29817038204787,"Odd"
"Lcu.1GRN.Chr5_88120001_88170000","Lcu.1GRN.Chr5",88120001,88170000,88125570,88129653,-12.5478495209589,-14.6996325989223,1e-05,14,14,4.30356615592684,3.88547324820775,88.1450005,5,4.29817038204787,"Odd"
"Lcu.1GRN.Chr3_123770001_123820000","Lcu.1GRN.Chr3",123770001,123820000,123770432,123777879,-13.3970611444479,-15.5374599024578,1e-05,25,25,4.28079751601987,4.18113567240114,123.7950005,3,4.27493545413441,"Odd"
"Lcu.1GRN.Chr2_522650001_522700000","Lcu.1GRN.Chr2",522650001,522700000,522693420,522698511,-9.14666213735369,-11.1048978590595,1e-05,16,16,3.91647144341169,3.32266044742162,522.6750005,2,3.90314820339677,"Even"
"Lcu.1GRN.Chr2_522660001_522710000","Lcu.1GRN.Chr2",522660001,522710000,522693420,522698511,-9.14666213735369,-11.1048978590595,1e-05,16,16,3.91647144341169,3.32266044742162,522.6850005,2,3.90314820339677,"Even"
"Lcu.1GRN.Chr2_522670001_522720000","Lcu.1GRN.Chr2",522670001,522720000,522693420,522698511,-9.14666213735369,-11.1048978590595,1e-05,16,16,3.91647144341169,3.32266044742162,522.6950005,2,3.90314820339677,"Even"
"Lcu.1GRN.Chr2_522680001_522730000","Lcu.1GRN.Chr2",522680001,522730000,522693420,522698511,-9.14666213735369,-11.1048978590595,1e-05,16,16,3.91647144341169,3.32266044742162,522.7050005,2,3.90314820339677,"Even"
"Lcu.1GRN.Chr2_522690001_522740000","Lcu.1GRN.Chr2",522690001,522740000,522693420,522698511,-9.14666213735369,-11.1048978590595,1e-05,16,16,3.91647144341169,3.32266044742162,522.7150005,2,3.90314820339677,"Even"
"Lcu.1GRN.Chr2_506100001_506150000","Lcu.1GRN.Chr2",506100001,506150000,506134630,506148822,-3.31715504583597,-5.25529329545415,1e-05,14,14,3.87627649923636,3.28704118024106,506.1250005,2,3.8621300910187,"Even"
"Lcu.1GRN.Chr2_506110001_506160000","Lcu.1GRN.Chr2",506110001,506160000,506134630,506156573,-3.35018839554214,-5.25018525417748,1e-05,15,15,3.79999371727068,3.21944221107072,506.1350005,2,3.78428508370807,"Even"
"Lcu.1GRN.Chr2_506120001_506170000","Lcu.1GRN.Chr2",506120001,506170000,506134630,506156573,-3.35018839554214,-5.25018525417748,1e-05,15,15,3.79999371727068,3.21944221107072,506.1450005,2,3.78428508370807,"Even"
"Lcu.1GRN.Chr2_506130001_506180000","Lcu.1GRN.Chr2",506130001,506180000,506134630,506156573,-3.35018839554214,-5.25018525417748,1e-05,15,15,3.79999371727068,3.21944221107072,506.1550005,2,3.78428508370807,"Even"
"Lcu.1GRN.Chr2_506140001_506190000","Lcu.1GRN.Chr2",506140001,506190000,506140470,506156573,-3.36787440779219,-5.25279437618683,1e-05,13,13,3.7698399367893,3.19272105034998,506.1650005,2,3.75351377199748,"Even"
"Lcu.1GRN.Chr7_540970001_541020000","Lcu.1GRN.Chr7",540970001,541020000,540974434,541018098,-5.63852367791078,-7.51222540027851,1e-05,30,30,3.74740344473546,5.76557773310847,540.9950005,7,3.73061779412476,"Odd"
"Lcu.1GRN.Chr7_540960001_541010000","Lcu.1GRN.Chr7",540960001,541010000,540974434,541009911,-5.21979740540439,-7.03231474242452,1e-05,14,14,3.62503467404025,5.57353913342231,540.9850005,7,3.60574298484411,"Odd"
"Lcu.1GRN.Chr2_316120001_316170000","Lcu.1GRN.Chr2",316120001,316170000,316125890,316168800,-4.03408733684592,-5.82347029092032,1e-05,27,27,3.57876590814878,3.0233983403165,316.1450005,2,3.55852666254616,"Even"
"Lcu.1GRN.Chr3_112300001_112350000","Lcu.1GRN.Chr3",112300001,112350000,112300250,112332139,-11.0921779150448,-12.8670884744212,1e-05,14,14,3.54982111875298,3.45061251706015,112.3250005,3,3.52898910132907,"Odd"
"Lcu.1GRN.Chr5_361660001_361710000","Lcu.1GRN.Chr5",361660001,361710000,361674775,361705321,-5.20963559789784,-6.97581167077777,1e-05,21,21,3.53235214575985,3.17022445923969,361.6850005,5,3.51116237430998,"Odd"
"Lcu.1GRN.Chr5_361670001_361720000","Lcu.1GRN.Chr5",361670001,361720000,361674775,361705321,-5.20963559789784,-6.97581167077777,1e-05,21,21,3.53235214575985,3.17022445923969,361.6950005,5,3.51116237430998,"Odd"
"Lcu.1GRN.Chr2_506340001_506390000","Lcu.1GRN.Chr2",506340001,506390000,506375850,506387000,-3.58974338570995,-5.35199107499412,1e-05,11,11,3.52449537856833,2.97530581194467,506.3650005,2,3.50314470526722,"Even"
"Lcu.1GRN.Chr2_506350001_506400000","Lcu.1GRN.Chr2",506350001,506400000,506375850,506387000,-3.58974338570995,-5.35199107499412,1e-05,11,11,3.52449537856833,2.97530581194467,506.3750005,2,3.50314470526722,"Even"
"Lcu.1GRN.Chr2_506360001_506410000","Lcu.1GRN.Chr2",506360001,506410000,506375850,506387000,-3.58974338570995,-5.35199107499412,1e-05,11,11,3.52449537856833,2.97530581194467,506.3850005,2,3.50314470526722,"Even"
"Lcu.1GRN.Chr2_506370001_506420000","Lcu.1GRN.Chr2",506370001,506420000,506375850,506387000,-3.58974338570995,-5.35199107499412,1e-05,11,11,3.52449537856833,2.97530581194467,506.3950005,2,3.50314470526722,"Even"
"Lcu.1GRN.Chr2_470940001_470990000","Lcu.1GRN.Chr2",470940001,470990000,470979712,470983675,-6.97545278014143,-8.73641993480195,1e-05,10,10,3.52193430932104,2.97303628746444,470.9650005,2,3.50053118686711,"Even"
"Lcu.1GRN.Chr3_197530001_197580000","Lcu.1GRN.Chr3",197530001,197580000,197533152,197536704,-3.19564389687829,-4.89371049400469,1e-05,10,10,3.39613319425281,3.29701988675983,197.5550005,3,3.37215374087178,"Odd"
"Lcu.1GRN.Chr2_466240001_466290000","Lcu.1GRN.Chr2",466240001,466290000,466278964,466281352,-2.87605980618653,-4.54891033201657,1e-05,11,11,3.34570105166009,2.8168649176687,466.2650005,2,3.32068877842996,"Even"
"Lcu.1GRN.Chr2_466250001_466300000","Lcu.1GRN.Chr2",466250001,466300000,466278964,466281352,-2.87605980618653,-4.54891033201657,1e-05,11,11,3.34570105166009,2.8168649176687,466.2750005,2,3.32068877842996,"Even"
"Lcu.1GRN.Chr2_466260001_466310000","Lcu.1GRN.Chr2",466260001,466310000,466278964,466281352,-2.87605980618653,-4.54891033201657,1e-05,11,11,3.34570105166009,2.8168649176687,466.2850005,2,3.32068877842996,"Even"
"Lcu.1GRN.Chr2_466270001_466320000","Lcu.1GRN.Chr2",466270001,466320000,466278964,466281352,-2.87605980618653,-4.54891033201657,1e-05,11,11,3.34570105166009,2.8168649176687,466.2950005,2,3.32068877842996,"Even"
"Lcu.1GRN.Chr2_587630001_587680000","Lcu.1GRN.Chr2",587630001,587680000,587674892,587678751,-8.70984590586889,-10.350898317214,1e-05,11,11,3.28210482269027,2.76050830074019,587.6550005,2,3.25579013706536,"Even"
"Lcu.1GRN.Chr2_587640001_587690000","Lcu.1GRN.Chr2",587640001,587690000,587674892,587678751,-8.70984590586889,-10.350898317214,1e-05,11,11,3.28210482269027,2.76050830074019,587.6650005,2,3.25579013706536,"Even"
"Lcu.1GRN.Chr2_587650001_587700000","Lcu.1GRN.Chr2",587650001,587700000,587674892,587678751,-8.70984590586889,-10.350898317214,1e-05,11,11,3.28210482269027,2.76050830074019,587.6750005,2,3.25579013706536,"Even"
"Lcu.1GRN.Chr2_587660001_587710000","Lcu.1GRN.Chr2",587660001,587710000,587674892,587678751,-8.70984590586889,-10.350898317214,1e-05,11,11,3.28210482269027,2.76050830074019,587.6850005,2,3.25579013706536,"Even"
"Lcu.1GRN.Chr2_587670001_587720000","Lcu.1GRN.Chr2",587670001,587720000,587674892,587678751,-8.70984590586889,-10.350898317214,1e-05,11,11,3.28210482269027,2.76050830074019,587.6950005,2,3.25579013706536,"Even"
"Lcu.1GRN.Chr2_506380001_506430000","Lcu.1GRN.Chr2",506380001,506430000,506382431,506429543,-3.62586528077926,-5.25649397960932,1e-05,15,15,3.26125739766013,2.74203408669635,506.4050005,2,3.23451576935012,"Even"
"Lcu.1GRN.Chr7_39220001_39270000","Lcu.1GRN.Chr7",39220001,39270000,39230287,39260292,-33.7793374792202,-35.388865316216,1e-05,10,10,3.21905567399172,4.93641874536594,39.2450005,7,3.19144977984587,"Odd"
"Lcu.1GRN.Chr7_39230001_39280000","Lcu.1GRN.Chr7",39230001,39280000,39230287,39260292,-33.7793374792202,-35.388865316216,1e-05,10,10,3.21905567399172,4.93641874536594,39.2550005,7,3.19144977984587,"Odd"
"Lcu.1GRN.Chr5_366950001_367000000","Lcu.1GRN.Chr5",366950001,367000000,366989894,366996770,-2.96729115917589,-4.52533459680939,1e-05,13,13,3.11608687526701,2.7841665989254,366.9750005,5,3.08637224225556,"Odd"
"Lcu.1GRN.Chr1_593090001_593140000","Lcu.1GRN.Chr1",593090001,593140000,593090366,593104942,-12.4135906475281,-13.9666254504006,1e-05,11,11,3.10606960574506,14.8589527203282,593.1150005,1,3.07614982509831,"Odd"
